category,review_year,review_Month,average_review_score
agro_industria_e_comercio,2017,02,4.17
agro_industria_e_comercio,2017,03,3.17
agro_industria_e_comercio,2017,05,5
agro_industria_e_comercio,2017,06,4.5
agro_industria_e_comercio,2017,07,3
agro_industria_e_comercio,2017,09,4.17
agro_industria_e_comercio,2017,10,4.5
agro_industria_e_comercio,2017,11,3.43
agro_industria_e_comercio,2017,12,3.23
agro_industria_e_comercio,2018,01,4.53
agro_industria_e_comercio,2018,02,4.52
agro_industria_e_comercio,2018,03,4.09
agro_industria_e_comercio,2018,04,3.64
agro_industria_e_comercio,2018,05,4.46
agro_industria_e_comercio,2018,06,4
agro_industria_e_comercio,2018,07,4.19
agro_industria_e_comercio,2018,08,3.71
alimentos,2016,10,5
alimentos,2017,02,5
alimentos,2017,03,4
alimentos,2017,04,3.89
alimentos,2017,05,4
alimentos,2017,06,3
alimentos,2017,07,5
alimentos,2017,08,4.8
alimentos,2017,09,4.38
alimentos,2017,10,4.58
alimentos,2017,11,3.92
alimentos,2017,12,4
alimentos,2018,01,4
alimentos,2018,02,3.3
alimentos,2018,03,4.13
alimentos,2018,04,3.93
alimentos,2018,05,4.34
alimentos,2018,06,4.44
alimentos,2018,07,4.42
alimentos,2018,08,4.37
alimentos_bebidas,2017,03,5
alimentos_bebidas,2017,04,3
alimentos_bebidas,2017,05,4.62
alimentos_bebidas,2017,06,4
alimentos_bebidas,2017,07,4.5
alimentos_bebidas,2017,08,4.62
alimentos_bebidas,2017,09,4.44
alimentos_bebidas,2017,10,3.71
alimentos_bebidas,2017,11,4.46
alimentos_bebidas,2017,12,3.74
alimentos_bebidas,2018,01,4.64
alimentos_bebidas,2018,02,4.17
alimentos_bebidas,2018,03,4.32
alimentos_bebidas,2018,04,4.5
alimentos_bebidas,2018,05,4.46
alimentos_bebidas,2018,06,4.07
alimentos_bebidas,2018,07,4.45
alimentos_bebidas,2018,08,4.58
artes,2017,03,4.67
artes,2017,04,3
artes,2017,05,4
artes,2017,06,4.38
artes,2017,07,2.4
artes,2017,08,4
artes,2017,09,3.33
artes,2017,10,4.6
artes,2017,12,5
artes,2018,01,3.44
artes,2018,02,3.47
artes,2018,03,3.88
artes,2018,04,4.47
artes,2018,05,4.31
artes,2018,06,3.89
artes,2018,07,4.05
artes,2018,08,3.78
artes_e_artesanato,2017,05,5
artes_e_artesanato,2017,07,5
artes_e_artesanato,2018,05,4
artes_e_artesanato,2018,07,3.43
artes_e_artesanato,2018,08,4.38
artigos_de_festas,2017,08,5
artigos_de_festas,2017,09,1
artigos_de_festas,2017,10,4.5
artigos_de_festas,2017,11,5
artigos_de_festas,2017,12,3.75
artigos_de_festas,2018,02,3.5
artigos_de_festas,2018,03,3.2
artigos_de_festas,2018,04,2.33
artigos_de_festas,2018,05,5
artigos_de_festas,2018,06,3
artigos_de_festas,2018,07,4.5
artigos_de_festas,2018,08,4.29
artigos_de_natal,2017,05,5
artigos_de_natal,2017,07,4.5
artigos_de_natal,2017,08,4.33
artigos_de_natal,2017,09,4.8
artigos_de_natal,2017,10,4
artigos_de_natal,2017,11,4.26
artigos_de_natal,2017,12,3.67
artigos_de_natal,2018,01,4.3
artigos_de_natal,2018,02,3.92
artigos_de_natal,2018,03,2.93
artigos_de_natal,2018,04,3.93
artigos_de_natal,2018,05,4.33
artigos_de_natal,2018,06,4.67
artigos_de_natal,2018,07,4.57
artigos_de_natal,2018,08,4
audio,2016,10,5
audio,2017,02,4
audio,2017,03,3.58
audio,2017,04,4.86
audio,2017,05,3.55
audio,2017,06,4.07
audio,2017,07,3.71
audio,2017,08,3.89
audio,2017,09,4.2
audio,2017,10,4.14
audio,2017,11,3.04
audio,2017,12,3.8
audio,2018,01,4.05
audio,2018,02,4.21
audio,2018,03,2.89
audio,2018,04,3.42
audio,2018,05,3.75
audio,2018,06,4.13
audio,2018,07,4.2
audio,2018,08,4.35
automotivo,2016,10,2.5
automotivo,2016,11,4.5
automotivo,2016,12,2.33
automotivo,2017,01,3.36
automotivo,2017,02,4.42
automotivo,2017,03,4.02
automotivo,2017,04,3.93
automotivo,2017,05,3.97
automotivo,2017,06,3.99
automotivo,2017,07,4.07
automotivo,2017,08,4.18
automotivo,2017,09,4.23
automotivo,2017,10,3.86
automotivo,2017,11,4.12
automotivo,2017,12,4
automotivo,2018,01,4.06
automotivo,2018,02,3.96
automotivo,2018,03,3.78
automotivo,2018,04,4.06
automotivo,2018,05,4.04
automotivo,2018,06,4.08
automotivo,2018,07,4.27
automotivo,2018,08,4.29
bebes,2016,10,3.67
bebes,2016,11,4.33
bebes,2016,12,1
bebes,2017,01,4.83
bebes,2017,02,4.51
bebes,2017,03,4.1
bebes,2017,04,4.17
bebes,2017,05,4.05
bebes,2017,06,3.73
bebes,2017,07,4.37
bebes,2017,08,4.26
bebes,2017,09,4.18
bebes,2017,10,4.15
bebes,2017,11,4.07
bebes,2017,12,3.69
bebes,2018,01,3.83
bebes,2018,02,3.9
bebes,2018,03,3.64
bebes,2018,04,3.74
bebes,2018,05,4.01
bebes,2018,06,4.13
bebes,2018,07,4.35
bebes,2018,08,4.11
bebidas,2017,03,4.5
bebidas,2017,04,3
bebidas,2017,05,1
bebidas,2017,06,4.5
bebidas,2017,07,4
bebidas,2017,08,4.5
bebidas,2017,09,4.8
bebidas,2017,10,4.1
bebidas,2017,11,4.5
bebidas,2017,12,4.03
bebidas,2018,01,4.1
bebidas,2018,02,3.95
bebidas,2018,03,3.78
bebidas,2018,04,3.76
bebidas,2018,05,4.38
bebidas,2018,06,3.87
bebidas,2018,07,4.71
bebidas,2018,08,3.81
beleza_saude,2016,10,3.8
beleza_saude,2016,11,2.78
beleza_saude,2016,12,2.33
beleza_saude,2017,01,4.2
beleza_saude,2017,02,4.22
beleza_saude,2017,03,4.13
beleza_saude,2017,04,4.26
beleza_saude,2017,05,4.04
beleza_saude,2017,06,4.23
beleza_saude,2017,07,4
beleza_saude,2017,08,4.31
beleza_saude,2017,09,4.12
beleza_saude,2017,10,4.27
beleza_saude,2017,11,4.15
beleza_saude,2017,12,4.07
beleza_saude,2018,01,4.14
beleza_saude,2018,02,4.17
beleza_saude,2018,03,3.77
beleza_saude,2018,04,3.86
beleza_saude,2018,05,4.29
beleza_saude,2018,06,4.28
beleza_saude,2018,07,4.29
beleza_saude,2018,08,4.25
brinquedos,2016,10,3.67
brinquedos,2016,11,4.11
brinquedos,2016,12,1
brinquedos,2017,01,4.63
brinquedos,2017,02,4.21
brinquedos,2017,03,4.38
brinquedos,2017,04,4.37
brinquedos,2017,05,4.4
brinquedos,2017,06,4.42
brinquedos,2017,07,4.34
brinquedos,2017,08,4.47
brinquedos,2017,09,4.14
brinquedos,2017,10,4.24
brinquedos,2017,11,4.27
brinquedos,2017,12,4.05
brinquedos,2018,01,3.63
brinquedos,2018,02,3.94
brinquedos,2018,03,3.75
brinquedos,2018,04,3.87
brinquedos,2018,05,4.28
brinquedos,2018,06,4.37
brinquedos,2018,07,4.32
brinquedos,2018,08,4.14
cama_mesa_banho,2016,10,5
cama_mesa_banho,2016,11,4.5
cama_mesa_banho,2016,12,1
cama_mesa_banho,2017,01,4.67
cama_mesa_banho,2017,02,4.27
cama_mesa_banho,2017,03,4.05
cama_mesa_banho,2017,04,3.98
cama_mesa_banho,2017,05,4.06
cama_mesa_banho,2017,06,4.03
cama_mesa_banho,2017,07,4.12
cama_mesa_banho,2017,08,4.07
cama_mesa_banho,2017,09,4.04
cama_mesa_banho,2017,10,3.79
cama_mesa_banho,2017,11,4.03
cama_mesa_banho,2017,12,3.45
cama_mesa_banho,2018,01,3.99
cama_mesa_banho,2018,02,3.75
cama_mesa_banho,2018,03,3.47
cama_mesa_banho,2018,04,3.74
cama_mesa_banho,2018,05,4
cama_mesa_banho,2018,06,3.91
cama_mesa_banho,2018,07,4.11
cama_mesa_banho,2018,08,4.1
casa_conforto,2017,02,5
casa_conforto,2017,03,3.6
casa_conforto,2017,04,3.71
casa_conforto,2017,05,3.93
casa_conforto,2017,06,3.29
casa_conforto,2017,07,4.06
casa_conforto,2017,08,3.79
casa_conforto,2017,09,4.44
casa_conforto,2017,10,4.21
casa_conforto,2017,11,3.63
casa_conforto,2017,12,3.3
casa_conforto,2018,01,3.85
casa_conforto,2018,02,4.32
casa_conforto,2018,03,3.37
casa_conforto,2018,04,3.82
casa_conforto,2018,05,2.71
casa_conforto,2018,06,4.3
casa_conforto,2018,07,4.79
casa_conforto,2018,08,4.07
casa_conforto_2,2017,02,4.5
casa_conforto_2,2017,03,4
casa_conforto_2,2017,04,5
casa_conforto_2,2017,06,5
casa_conforto_2,2017,07,4
casa_conforto_2,2017,08,5
casa_conforto_2,2017,09,5
casa_conforto_2,2017,10,4
casa_conforto_2,2017,11,5
casa_conforto_2,2017,12,3.67
casa_conforto_2,2018,03,2.25
casa_conforto_2,2018,04,1
casa_conforto_2,2018,06,1
casa_conforto_2,2018,07,3
casa_conforto_2,2018,08,4
casa_construcao,2017,02,5
casa_construcao,2017,03,5
casa_construcao,2017,04,3.17
casa_construcao,2017,05,3.22
casa_construcao,2017,06,3.86
casa_construcao,2017,07,4.5
casa_construcao,2017,08,5
casa_construcao,2017,09,3.13
casa_construcao,2017,10,4.35
casa_construcao,2017,11,3.92
casa_construcao,2017,12,3.84
casa_construcao,2018,01,4.03
casa_construcao,2018,02,3.41
casa_construcao,2018,03,3.59
casa_construcao,2018,04,3.77
casa_construcao,2018,05,3.98
casa_construcao,2018,06,4.01
casa_construcao,2018,07,4.47
casa_construcao,2018,08,4.04
cds_dvds_musicais,2017,07,4
cds_dvds_musicais,2017,08,4.75
cds_dvds_musicais,2017,11,5
cds_dvds_musicais,2017,12,5
cds_dvds_musicais,2018,05,5
cine_foto,2017,03,5
cine_foto,2017,04,5
cine_foto,2017,05,5
cine_foto,2017,06,5
cine_foto,2017,09,5
cine_foto,2017,11,3
cine_foto,2017,12,1
cine_foto,2018,01,5
cine_foto,2018,03,3.8
cine_foto,2018,04,2.4
cine_foto,2018,05,4.71
cine_foto,2018,06,3.93
cine_foto,2018,07,4.67
cine_foto,2018,08,4.25
climatizacao,2016,10,1
climatizacao,2016,11,5
climatizacao,2016,12,1
climatizacao,2017,01,5
climatizacao,2017,02,3
climatizacao,2017,03,3.9
climatizacao,2017,04,4.33
climatizacao,2017,05,4.33
climatizacao,2017,06,3.57
climatizacao,2017,07,4.2
climatizacao,2017,08,4.44
climatizacao,2017,09,4.08
climatizacao,2017,10,4.5
climatizacao,2017,11,3.79
climatizacao,2017,12,3.91
climatizacao,2018,01,3.58
climatizacao,2018,02,4.3
climatizacao,2018,03,4
climatizacao,2018,04,4.12
climatizacao,2018,05,4.23
climatizacao,2018,06,2.81
climatizacao,2018,07,4.11
climatizacao,2018,08,3.84
consoles_games,2016,10,4.33
consoles_games,2016,11,3.2
consoles_games,2016,12,2.5
consoles_games,2017,01,4.5
consoles_games,2017,02,4.75
consoles_games,2017,03,3.81
consoles_games,2017,04,3.66
consoles_games,2017,05,4.25
consoles_games,2017,06,4.17
consoles_games,2017,07,4.38
consoles_games,2017,08,4.41
consoles_games,2017,09,4.09
consoles_games,2017,10,4.12
consoles_games,2017,11,4.15
consoles_games,2017,12,4.02
consoles_games,2018,01,4.12
consoles_games,2018,02,3.56
consoles_games,2018,03,3.58
consoles_games,2018,04,3.52
consoles_games,2018,05,3.73
consoles_games,2018,06,4
consoles_games,2018,07,4.43
consoles_games,2018,08,3.92
construcao_ferramentas_construcao,2017,02,5
construcao_ferramentas_construcao,2017,03,2.4
construcao_ferramentas_construcao,2017,04,1
construcao_ferramentas_construcao,2017,06,3
construcao_ferramentas_construcao,2017,07,4.67
construcao_ferramentas_construcao,2017,08,4.5
construcao_ferramentas_construcao,2017,09,4.45
construcao_ferramentas_construcao,2017,10,3.47
construcao_ferramentas_construcao,2017,11,4.91
construcao_ferramentas_construcao,2017,12,3.88
construcao_ferramentas_construcao,2018,01,4.38
construcao_ferramentas_construcao,2018,02,3.83
construcao_ferramentas_construcao,2018,03,3.61
construcao_ferramentas_construcao,2018,04,3.79
construcao_ferramentas_construcao,2018,05,4.13
construcao_ferramentas_construcao,2018,06,4.13
construcao_ferramentas_construcao,2018,07,4.16
construcao_ferramentas_construcao,2018,08,4.23
construcao_ferramentas_ferramentas,2017,04,5
construcao_ferramentas_ferramentas,2017,05,5
construcao_ferramentas_ferramentas,2017,09,5
construcao_ferramentas_ferramentas,2017,10,4.4
construcao_ferramentas_ferramentas,2017,11,5
construcao_ferramentas_ferramentas,2017,12,3.4
construcao_ferramentas_ferramentas,2018,01,3.67
construcao_ferramentas_ferramentas,2018,02,3.86
construcao_ferramentas_ferramentas,2018,03,4.5
construcao_ferramentas_ferramentas,2018,04,4.71
construcao_ferramentas_ferramentas,2018,05,3.5
construcao_ferramentas_ferramentas,2018,06,5
construcao_ferramentas_ferramentas,2018,07,4.75
construcao_ferramentas_ferramentas,2018,08,4.59
construcao_ferramentas_iluminacao,2017,08,5
construcao_ferramentas_iluminacao,2017,09,3
construcao_ferramentas_iluminacao,2017,10,5
construcao_ferramentas_iluminacao,2017,11,3
construcao_ferramentas_iluminacao,2017,12,3.63
construcao_ferramentas_iluminacao,2018,01,4
construcao_ferramentas_iluminacao,2018,02,3.25
construcao_ferramentas_iluminacao,2018,03,3.85
construcao_ferramentas_iluminacao,2018,04,3.63
construcao_ferramentas_iluminacao,2018,05,4.21
construcao_ferramentas_iluminacao,2018,06,3.98
construcao_ferramentas_iluminacao,2018,07,4.44
construcao_ferramentas_iluminacao,2018,08,4.13
construcao_ferramentas_jardim,2017,02,5
construcao_ferramentas_jardim,2017,04,4
construcao_ferramentas_jardim,2017,05,4.44
construcao_ferramentas_jardim,2017,06,2.5
construcao_ferramentas_jardim,2017,07,4.55
construcao_ferramentas_jardim,2017,08,4.83
construcao_ferramentas_jardim,2017,09,3.33
construcao_ferramentas_jardim,2017,10,3.82
construcao_ferramentas_jardim,2017,11,4
construcao_ferramentas_jardim,2017,12,3.25
construcao_ferramentas_jardim,2018,01,4.3
construcao_ferramentas_jardim,2018,02,4.4
construcao_ferramentas_jardim,2018,03,4.27
construcao_ferramentas_jardim,2018,04,3.77
construcao_ferramentas_jardim,2018,05,4.55
construcao_ferramentas_jardim,2018,06,4.08
construcao_ferramentas_jardim,2018,07,3.77
construcao_ferramentas_jardim,2018,08,3.66
construcao_ferramentas_seguranca,2017,03,5
construcao_ferramentas_seguranca,2017,04,1
construcao_ferramentas_seguranca,2017,09,1
construcao_ferramentas_seguranca,2017,10,3.31
construcao_ferramentas_seguranca,2017,11,4.83
construcao_ferramentas_seguranca,2017,12,3.6
construcao_ferramentas_seguranca,2018,01,4.17
construcao_ferramentas_seguranca,2018,02,3.92
construcao_ferramentas_seguranca,2018,03,3.82
construcao_ferramentas_seguranca,2018,04,4.3
construcao_ferramentas_seguranca,2018,05,3.73
construcao_ferramentas_seguranca,2018,06,3.42
construcao_ferramentas_seguranca,2018,07,4.36
construcao_ferramentas_seguranca,2018,08,3.91
cool_stuff,2016,10,4.6
cool_stuff,2016,11,3
cool_stuff,2016,12,1
cool_stuff,2017,01,2.89
cool_stuff,2017,02,4.3
cool_stuff,2017,03,4.38
cool_stuff,2017,04,4.27
cool_stuff,2017,05,4.11
cool_stuff,2017,06,4.29
cool_stuff,2017,07,4.37
cool_stuff,2017,08,4.3
cool_stuff,2017,09,4.27
cool_stuff,2017,10,4.21
cool_stuff,2017,11,4.26
cool_stuff,2017,12,4.02
cool_stuff,2018,01,4.09
cool_stuff,2018,02,4.06
cool_stuff,2018,03,3.78
cool_stuff,2018,04,3.97
cool_stuff,2018,05,4.19
cool_stuff,2018,06,4.11
cool_stuff,2018,07,4.26
cool_stuff,2018,08,3.96
dvds_blu_ray,2017,02,4.67
dvds_blu_ray,2017,03,1
dvds_blu_ray,2017,04,4
dvds_blu_ray,2017,05,4.75
dvds_blu_ray,2017,06,4.67
dvds_blu_ray,2017,07,3.75
dvds_blu_ray,2017,08,4
dvds_blu_ray,2017,09,2.75
dvds_blu_ray,2017,10,4.67
dvds_blu_ray,2017,11,4
dvds_blu_ray,2017,12,3.33
dvds_blu_ray,2018,01,5
dvds_blu_ray,2018,02,5
dvds_blu_ray,2018,03,5
dvds_blu_ray,2018,04,4.75
dvds_blu_ray,2018,05,3.63
dvds_blu_ray,2018,06,4.5
dvds_blu_ray,2018,07,3.5
dvds_blu_ray,2018,08,5
eletrodomesticos,2017,02,5
eletrodomesticos,2017,03,4.14
eletrodomesticos,2017,04,3.5
eletrodomesticos,2017,05,4.83
eletrodomesticos,2017,06,4.17
eletrodomesticos,2017,07,3.94
eletrodomesticos,2017,08,4.33
eletrodomesticos,2017,09,3.54
eletrodomesticos,2017,10,4.63
eletrodomesticos,2017,11,4.14
eletrodomesticos,2017,12,3.93
eletrodomesticos,2018,01,4.3
eletrodomesticos,2018,02,4.31
eletrodomesticos,2018,03,4
eletrodomesticos,2018,04,4.18
eletrodomesticos,2018,05,4
eletrodomesticos,2018,06,4.28
eletrodomesticos,2018,07,4.18
eletrodomesticos,2018,08,4.3
eletrodomesticos_2,2017,01,5
eletrodomesticos_2,2017,02,4.67
eletrodomesticos_2,2017,03,5
eletrodomesticos_2,2017,04,3.5
eletrodomesticos_2,2017,05,4
eletrodomesticos_2,2017,06,3.25
eletrodomesticos_2,2017,07,4.14
eletrodomesticos_2,2017,08,3.8
eletrodomesticos_2,2017,09,4.73
eletrodomesticos_2,2017,10,4.25
eletrodomesticos_2,2017,11,3.44
eletrodomesticos_2,2017,12,3.69
eletrodomesticos_2,2018,01,4.11
eletrodomesticos_2,2018,02,4.53
eletrodomesticos_2,2018,03,3.38
eletrodomesticos_2,2018,04,4.4
eletrodomesticos_2,2018,05,4.33
eletrodomesticos_2,2018,06,4.64
eletrodomesticos_2,2018,07,4.36
eletrodomesticos_2,2018,08,3.76
eletronicos,2016,10,5
eletronicos,2016,12,1
eletronicos,2017,01,5
eletronicos,2017,02,3.69
eletronicos,2017,03,4.31
eletronicos,2017,04,4.35
eletronicos,2017,05,3.89
eletronicos,2017,06,3.91
eletronicos,2017,07,4.37
eletronicos,2017,08,4
eletronicos,2017,09,4.04
eletronicos,2017,10,4.39
eletronicos,2017,11,3.89
eletronicos,2017,12,4.05
eletronicos,2018,01,3.99
eletronicos,2018,02,4.02
eletronicos,2018,03,3.79
eletronicos,2018,04,3.77
eletronicos,2018,05,4.15
eletronicos,2018,06,4.38
eletronicos,2018,07,4.25
eletronicos,2018,08,4.07
eletroportateis,2017,01,5
eletroportateis,2017,02,4.71
eletroportateis,2017,03,4.66
eletroportateis,2017,04,4.74
eletroportateis,2017,05,3.62
eletroportateis,2017,06,4.44
eletroportateis,2017,07,3.62
eletroportateis,2017,08,4.24
eletroportateis,2017,09,4.03
eletroportateis,2017,10,4.31
eletroportateis,2017,11,4.35
eletroportateis,2017,12,3.63
eletroportateis,2018,01,4.25
eletroportateis,2018,02,4.41
eletroportateis,2018,03,3.88
eletroportateis,2018,04,4.13
eletroportateis,2018,05,3.93
eletroportateis,2018,06,4.15
eletroportateis,2018,07,4.28
eletroportateis,2018,08,3.91
esporte_lazer,2016,10,4.5
esporte_lazer,2016,11,2.5
esporte_lazer,2016,12,3.67
esporte_lazer,2017,01,4.63
esporte_lazer,2017,02,4.32
esporte_lazer,2017,03,4.07
esporte_lazer,2017,04,4.07
esporte_lazer,2017,05,4.1
esporte_lazer,2017,06,4.24
esporte_lazer,2017,07,4.32
esporte_lazer,2017,08,4.24
esporte_lazer,2017,09,4.16
esporte_lazer,2017,10,4.21
esporte_lazer,2017,11,4.3
esporte_lazer,2017,12,4.09
esporte_lazer,2018,01,4.02
esporte_lazer,2018,02,3.9
esporte_lazer,2018,03,3.67
esporte_lazer,2018,04,3.9
esporte_lazer,2018,05,4.24
esporte_lazer,2018,06,4.18
esporte_lazer,2018,07,4.4
esporte_lazer,2018,08,4.27
fashion_bolsas_e_acessorios,2016,10,3.43
fashion_bolsas_e_acessorios,2016,11,2.5
fashion_bolsas_e_acessorios,2016,12,5
fashion_bolsas_e_acessorios,2017,01,4.73
fashion_bolsas_e_acessorios,2017,02,4.32
fashion_bolsas_e_acessorios,2017,03,4.08
fashion_bolsas_e_acessorios,2017,04,4.3
fashion_bolsas_e_acessorios,2017,05,4.29
fashion_bolsas_e_acessorios,2017,06,4.04
fashion_bolsas_e_acessorios,2017,07,4.22
fashion_bolsas_e_acessorios,2017,08,4.16
fashion_bolsas_e_acessorios,2017,09,4.17
fashion_bolsas_e_acessorios,2017,10,4.12
fashion_bolsas_e_acessorios,2017,11,3.9
fashion_bolsas_e_acessorios,2017,12,3.61
fashion_bolsas_e_acessorios,2018,01,4.42
fashion_bolsas_e_acessorios,2018,02,4.22
fashion_bolsas_e_acessorios,2018,03,4
fashion_bolsas_e_acessorios,2018,04,4.06
fashion_bolsas_e_acessorios,2018,05,4.37
fashion_bolsas_e_acessorios,2018,06,4.51
fashion_bolsas_e_acessorios,2018,07,4.5
fashion_bolsas_e_acessorios,2018,08,4.25
fashion_calcados,2016,10,5
fashion_calcados,2017,01,5
fashion_calcados,2017,02,4.33
fashion_calcados,2017,03,4.56
fashion_calcados,2017,04,4.64
fashion_calcados,2017,05,4.57
fashion_calcados,2017,06,3.48
fashion_calcados,2017,07,4.32
fashion_calcados,2017,08,4.54
fashion_calcados,2017,09,4.09
fashion_calcados,2017,10,4.5
fashion_calcados,2017,11,3.75
fashion_calcados,2017,12,4.4
fashion_calcados,2018,01,4.25
fashion_calcados,2018,02,4.23
fashion_calcados,2018,03,3
fashion_calcados,2018,04,4.07
fashion_calcados,2018,05,4.09
fashion_calcados,2018,06,4.62
fashion_calcados,2018,07,3.67
fashion_calcados,2018,08,4.75
fashion_esporte,2017,03,5
fashion_esporte,2017,04,4
fashion_esporte,2017,05,4.2
fashion_esporte,2017,06,5
fashion_esporte,2017,07,3.33
fashion_esporte,2017,08,5
fashion_esporte,2017,09,1
fashion_esporte,2017,10,4.33
fashion_esporte,2017,11,5
fashion_esporte,2017,12,5
fashion_esporte,2018,01,4
fashion_esporte,2018,03,5
fashion_esporte,2018,04,5
fashion_esporte,2018,08,3
fashion_roupa_feminina,2016,11,5
fashion_roupa_feminina,2017,02,4.33
fashion_roupa_feminina,2017,03,2.5
fashion_roupa_feminina,2017,05,4.25
fashion_roupa_feminina,2017,06,2.6
fashion_roupa_feminina,2017,07,3.5
fashion_roupa_feminina,2017,08,4.5
fashion_roupa_feminina,2017,09,4.5
fashion_roupa_feminina,2017,10,4
fashion_roupa_feminina,2017,11,4
fashion_roupa_feminina,2017,12,2
fashion_roupa_feminina,2018,01,5
fashion_roupa_feminina,2018,02,4.5
fashion_roupa_feminina,2018,03,4
fashion_roupa_feminina,2018,05,4
fashion_roupa_feminina,2018,08,3.67
fashion_roupa_infanto_juvenil,2017,05,5
fashion_roupa_infanto_juvenil,2017,06,5
fashion_roupa_infanto_juvenil,2017,09,1
fashion_roupa_infanto_juvenil,2017,10,5
fashion_roupa_infanto_juvenil,2018,03,5
fashion_roupa_infanto_juvenil,2018,06,5
fashion_roupa_masculina,2016,11,1
fashion_roupa_masculina,2017,02,4.5
fashion_roupa_masculina,2017,03,4
fashion_roupa_masculina,2017,04,4
fashion_roupa_masculina,2017,05,2.89
fashion_roupa_masculina,2017,06,4.6
fashion_roupa_masculina,2017,07,3.9
fashion_roupa_masculina,2017,08,3.06
fashion_roupa_masculina,2017,09,3.5
fashion_roupa_masculina,2017,10,2.5
fashion_roupa_masculina,2017,11,4.36
fashion_roupa_masculina,2017,12,3.25
fashion_roupa_masculina,2018,01,4
fashion_roupa_masculina,2018,02,3.67
fashion_roupa_masculina,2018,03,3
fashion_roupa_masculina,2018,05,5
fashion_roupa_masculina,2018,06,4.67
fashion_roupa_masculina,2018,07,5
fashion_roupa_masculina,2018,08,4.8
fashion_underwear_e_moda_praia,2017,02,4.43
fashion_underwear_e_moda_praia,2017,03,3.29
fashion_underwear_e_moda_praia,2017,04,4
fashion_underwear_e_moda_praia,2017,05,3.71
fashion_underwear_e_moda_praia,2017,06,5
fashion_underwear_e_moda_praia,2017,07,4
fashion_underwear_e_moda_praia,2017,08,4.78
fashion_underwear_e_moda_praia,2017,09,4.24
fashion_underwear_e_moda_praia,2017,10,4
fashion_underwear_e_moda_praia,2017,11,4.33
fashion_underwear_e_moda_praia,2017,12,3.88
fashion_underwear_e_moda_praia,2018,01,3.8
fashion_underwear_e_moda_praia,2018,02,4.5
fashion_underwear_e_moda_praia,2018,03,2.75
fashion_underwear_e_moda_praia,2018,04,3.2
fashion_underwear_e_moda_praia,2018,05,5
fashion_underwear_e_moda_praia,2018,06,4.43
fashion_underwear_e_moda_praia,2018,07,4
fashion_underwear_e_moda_praia,2018,08,1.67
ferramentas_jardim,2016,10,4
ferramentas_jardim,2016,12,5
ferramentas_jardim,2017,01,3.71
ferramentas_jardim,2017,02,4.05
ferramentas_jardim,2017,03,4.08
ferramentas_jardim,2017,04,3.9
ferramentas_jardim,2017,05,4.02
ferramentas_jardim,2017,06,4.13
ferramentas_jardim,2017,07,4.31
ferramentas_jardim,2017,08,4.23
ferramentas_jardim,2017,09,4.32
ferramentas_jardim,2017,10,4.1
ferramentas_jardim,2017,11,4.16
ferramentas_jardim,2017,12,3.81
ferramentas_jardim,2018,01,3.97
ferramentas_jardim,2018,02,3.94
ferramentas_jardim,2018,03,3.56
ferramentas_jardim,2018,04,4.02
ferramentas_jardim,2018,05,4.13
ferramentas_jardim,2018,06,4.2
ferramentas_jardim,2018,07,4.32
ferramentas_jardim,2018,08,4.17
flores,2017,11,4.33
flores,2017,12,5
flores,2018,01,4.75
flores,2018,02,4
flores,2018,03,5
flores,2018,04,3.67
flores,2018,05,4
flores,2018,06,5
flores,2018,07,5
flores,2018,08,5
fraldas_higiene,2016,11,5
fraldas_higiene,2017,12,1
fraldas_higiene,2018,02,1
fraldas_higiene,2018,03,3
fraldas_higiene,2018,04,3
fraldas_higiene,2018,05,4.5
fraldas_higiene,2018,06,4.83
fraldas_higiene,2018,07,3.25
fraldas_higiene,2018,08,3.8
industria_comercio_e_negocios,2016,10,4
industria_comercio_e_negocios,2016,11,5
industria_comercio_e_negocios,2017,03,4.33
industria_comercio_e_negocios,2017,05,3
industria_comercio_e_negocios,2017,06,5
industria_comercio_e_negocios,2017,07,4.67
industria_comercio_e_negocios,2017,08,4
industria_comercio_e_negocios,2017,09,4.5
industria_comercio_e_negocios,2017,10,4.8
industria_comercio_e_negocios,2017,11,4.75
industria_comercio_e_negocios,2017,12,3.63
industria_comercio_e_negocios,2018,01,3.89
industria_comercio_e_negocios,2018,02,4.63
industria_comercio_e_negocios,2018,03,3.5
industria_comercio_e_negocios,2018,04,3.89
industria_comercio_e_negocios,2018,05,4.4
industria_comercio_e_negocios,2018,06,4.07
industria_comercio_e_negocios,2018,07,4.05
industria_comercio_e_negocios,2018,08,4
informatica_acessorios,2016,10,3.88
informatica_acessorios,2016,11,3
informatica_acessorios,2016,12,1.5
informatica_acessorios,2017,01,4.63
informatica_acessorios,2017,02,4.13
informatica_acessorios,2017,03,3.98
informatica_acessorios,2017,04,3.88
informatica_acessorios,2017,05,4.09
informatica_acessorios,2017,06,4.11
informatica_acessorios,2017,07,4.02
informatica_acessorios,2017,08,4.19
informatica_acessorios,2017,09,4.11
informatica_acessorios,2017,10,4.06
informatica_acessorios,2017,11,3.84
informatica_acessorios,2017,12,3.89
informatica_acessorios,2018,01,3.82
informatica_acessorios,2018,02,3.97
informatica_acessorios,2018,03,3.47
informatica_acessorios,2018,04,3.81
informatica_acessorios,2018,05,4.03
informatica_acessorios,2018,06,4.02
informatica_acessorios,2018,07,4.17
informatica_acessorios,2018,08,4.23
instrumentos_musicais,2017,02,4.43
instrumentos_musicais,2017,03,4.25
instrumentos_musicais,2017,04,3.08
instrumentos_musicais,2017,05,4.04
instrumentos_musicais,2017,06,4.38
instrumentos_musicais,2017,07,3.83
instrumentos_musicais,2017,08,3.74
instrumentos_musicais,2017,09,4.33
instrumentos_musicais,2017,10,4.46
instrumentos_musicais,2017,11,4.16
instrumentos_musicais,2017,12,3.85
instrumentos_musicais,2018,01,4.08
instrumentos_musicais,2018,02,4.13
instrumentos_musicais,2018,03,4.12
instrumentos_musicais,2018,04,4.05
instrumentos_musicais,2018,05,4.45
instrumentos_musicais,2018,06,4.35
instrumentos_musicais,2018,07,4.35
instrumentos_musicais,2018,08,4.34
la_cuisine,2017,04,1
la_cuisine,2017,06,5
la_cuisine,2017,07,5
la_cuisine,2017,08,5
la_cuisine,2017,09,5
la_cuisine,2017,10,5
la_cuisine,2018,01,5
la_cuisine,2018,04,2
livros_importados,2017,03,1
livros_importados,2017,05,1
livros_importados,2017,06,5
livros_importados,2017,08,5
livros_importados,2017,09,5
livros_importados,2017,11,5
livros_importados,2017,12,4.25
livros_importados,2018,01,3.2
livros_importados,2018,02,4.75
livros_importados,2018,03,4.75
livros_importados,2018,04,5
livros_importados,2018,05,4.78
livros_importados,2018,06,5
livros_importados,2018,07,3.67
livros_importados,2018,08,5
livros_interesse_geral,2016,12,5
livros_interesse_geral,2017,02,4.2
livros_interesse_geral,2017,03,4.6
livros_interesse_geral,2017,04,3.75
livros_interesse_geral,2017,05,4.73
livros_interesse_geral,2017,06,4.19
livros_interesse_geral,2017,07,4.92
livros_interesse_geral,2017,08,4.91
livros_interesse_geral,2017,09,4
livros_interesse_geral,2017,10,4.42
livros_interesse_geral,2017,11,4.67
livros_interesse_geral,2017,12,4.3
livros_interesse_geral,2018,01,4.67
livros_interesse_geral,2018,02,4.38
livros_interesse_geral,2018,03,4.49
livros_interesse_geral,2018,04,4.35
livros_interesse_geral,2018,05,4.4
livros_interesse_geral,2018,06,4.51
livros_interesse_geral,2018,07,4.62
livros_interesse_geral,2018,08,4.18
livros_tecnicos,2016,12,1
livros_tecnicos,2017,02,4
livros_tecnicos,2017,03,5
livros_tecnicos,2017,04,4
livros_tecnicos,2017,05,4.5
livros_tecnicos,2017,06,5
livros_tecnicos,2017,08,4.75
livros_tecnicos,2017,09,4.25
livros_tecnicos,2017,10,4.67
livros_tecnicos,2017,11,5
livros_tecnicos,2017,12,4
livros_tecnicos,2018,01,4.38
livros_tecnicos,2018,02,4.31
livros_tecnicos,2018,03,4.09
livros_tecnicos,2018,04,4.32
livros_tecnicos,2018,05,4.5
livros_tecnicos,2018,06,4.35
livros_tecnicos,2018,07,4.3
livros_tecnicos,2018,08,4.42
malas_acessorios,2017,02,4.65
malas_acessorios,2017,03,4.25
malas_acessorios,2017,04,4.65
malas_acessorios,2017,05,4.17
malas_acessorios,2017,06,4.46
malas_acessorios,2017,07,4.52
malas_acessorios,2017,08,4.4
malas_acessorios,2017,09,4.46
malas_acessorios,2017,10,4.44
malas_acessorios,2017,11,4.5
malas_acessorios,2017,12,4.29
malas_acessorios,2018,01,4.29
malas_acessorios,2018,02,3.71
malas_acessorios,2018,03,3.98
malas_acessorios,2018,04,4.17
malas_acessorios,2018,05,4.42
malas_acessorios,2018,06,4.39
malas_acessorios,2018,07,4.24
malas_acessorios,2018,08,4.42
market_place,2016,10,5
market_place,2016,11,4.5
market_place,2016,12,1
market_place,2017,01,4
market_place,2017,02,3.6
market_place,2017,03,4.3
market_place,2017,04,4.2
market_place,2017,05,3.97
market_place,2017,06,4.19
market_place,2017,07,2.89
market_place,2017,08,4.43
market_place,2017,09,3.67
market_place,2017,10,3.63
market_place,2017,11,4.42
market_place,2017,12,4
market_place,2018,01,4.47
market_place,2018,02,3.82
market_place,2018,03,3.48
market_place,2018,04,4.25
market_place,2018,05,4.22
market_place,2018,06,3.3
market_place,2018,07,4.5
market_place,2018,08,3.9
moveis_colchao_e_estofado,2017,05,3.5
moveis_colchao_e_estofado,2017,06,4
moveis_colchao_e_estofado,2017,08,3
moveis_colchao_e_estofado,2017,09,4.5
moveis_colchao_e_estofado,2017,11,5
moveis_colchao_e_estofado,2017,12,4.43
moveis_colchao_e_estofado,2018,01,4.29
moveis_colchao_e_estofado,2018,02,4
moveis_colchao_e_estofado,2018,03,2.86
moveis_colchao_e_estofado,2018,04,3
moveis_colchao_e_estofado,2018,07,3
moveis_cozinha_area_de_servico_jantar_e_jardim,2017,02,5
moveis_cozinha_area_de_servico_jantar_e_jardim,2017,03,4.33
moveis_cozinha_area_de_servico_jantar_e_jardim,2017,04,3
moveis_cozinha_area_de_servico_jantar_e_jardim,2017,05,4
moveis_cozinha_area_de_servico_jantar_e_jardim,2017,06,4.75
moveis_cozinha_area_de_servico_jantar_e_jardim,2017,07,4.5
moveis_cozinha_area_de_servico_jantar_e_jardim,2017,08,4.15
moveis_cozinha_area_de_servico_jantar_e_jardim,2017,09,4.75
moveis_cozinha_area_de_servico_jantar_e_jardim,2017,10,2.63
moveis_cozinha_area_de_servico_jantar_e_jardim,2017,11,4.13
moveis_cozinha_area_de_servico_jantar_e_jardim,2017,12,3.93
moveis_cozinha_area_de_servico_jantar_e_jardim,2018,01,4
moveis_cozinha_area_de_servico_jantar_e_jardim,2018,02,4.57
moveis_cozinha_area_de_servico_jantar_e_jardim,2018,03,3.43
moveis_cozinha_area_de_servico_jantar_e_jardim,2018,04,3.95
moveis_cozinha_area_de_servico_jantar_e_jardim,2018,05,3.65
moveis_cozinha_area_de_servico_jantar_e_jardim,2018,06,3.75
moveis_cozinha_area_de_servico_jantar_e_jardim,2018,07,3.64
moveis_cozinha_area_de_servico_jantar_e_jardim,2018,08,4.2
moveis_decoracao,2016,10,3.86
moveis_decoracao,2016,11,3.43
moveis_decoracao,2016,12,2
moveis_decoracao,2017,01,3.72
moveis_decoracao,2017,02,4.04
moveis_decoracao,2017,03,3.96
moveis_decoracao,2017,04,3.64
moveis_decoracao,2017,05,3.9
moveis_decoracao,2017,06,4.09
moveis_decoracao,2017,07,4.09
moveis_decoracao,2017,08,4.13
moveis_decoracao,2017,09,4.14
moveis_decoracao,2017,10,3.83
moveis_decoracao,2017,11,3.88
moveis_decoracao,2017,12,3.66
moveis_decoracao,2018,01,3.93
moveis_decoracao,2018,02,3.88
moveis_decoracao,2018,03,3.34
moveis_decoracao,2018,04,3.74
moveis_decoracao,2018,05,4.04
moveis_decoracao,2018,06,4.02
moveis_decoracao,2018,07,4.32
moveis_decoracao,2018,08,4.09
moveis_escritorio,2016,11,1.6
moveis_escritorio,2017,02,3.88
moveis_escritorio,2017,03,2.97
moveis_escritorio,2017,04,3.51
moveis_escritorio,2017,05,3.83
moveis_escritorio,2017,06,4.31
moveis_escritorio,2017,07,3.8
moveis_escritorio,2017,08,3.88
moveis_escritorio,2017,09,4.18
moveis_escritorio,2017,10,3.38
moveis_escritorio,2017,11,3.25
moveis_escritorio,2017,12,3.05
moveis_escritorio,2018,01,3.51
moveis_escritorio,2018,02,3.21
moveis_escritorio,2018,03,2.96
moveis_escritorio,2018,04,3.41
moveis_escritorio,2018,05,3.7
moveis_escritorio,2018,06,3.74
moveis_escritorio,2018,07,3.79
moveis_escritorio,2018,08,3.66
moveis_quarto,2017,01,5
moveis_quarto,2017,02,5
moveis_quarto,2017,05,4.1
moveis_quarto,2017,06,3
moveis_quarto,2017,07,4
moveis_quarto,2017,08,4.67
moveis_quarto,2017,09,3.75
moveis_quarto,2017,10,4.83
moveis_quarto,2017,11,4.5
moveis_quarto,2017,12,2.5
moveis_quarto,2018,01,4
moveis_quarto,2018,03,4.25
moveis_quarto,2018,04,4.43
moveis_quarto,2018,05,4.33
moveis_quarto,2018,06,3.56
moveis_quarto,2018,07,4
moveis_quarto,2018,08,4.04
moveis_sala,2017,02,4.23
moveis_sala,2017,03,4.18
moveis_sala,2017,04,3.95
moveis_sala,2017,05,3.85
moveis_sala,2017,06,3.8
moveis_sala,2017,07,4.21
moveis_sala,2017,08,4.15
moveis_sala,2017,09,4.27
moveis_sala,2017,10,4.94
moveis_sala,2017,11,3.79
moveis_sala,2017,12,3.57
moveis_sala,2018,01,4.4
moveis_sala,2018,02,4.28
moveis_sala,2018,03,3.09
moveis_sala,2018,04,2.95
moveis_sala,2018,05,2.79
moveis_sala,2018,06,4.5
moveis_sala,2018,07,4.12
moveis_sala,2018,08,4
musica,2017,01,5
musica,2017,03,5
musica,2017,04,5
musica,2017,05,5
musica,2017,06,3
musica,2017,07,3.25
musica,2017,10,5
musica,2018,01,5
musica,2018,02,5
musica,2018,03,3
musica,2018,04,3
musica,2018,05,4.57
musica,2018,06,3.5
musica,2018,07,5
musica,2018,08,4.67
papelaria,2017,01,5
papelaria,2017,02,4.53
papelaria,2017,03,4.66
papelaria,2017,04,4.51
papelaria,2017,05,4.32
papelaria,2017,06,4.36
papelaria,2017,07,4.22
papelaria,2017,08,4.33
papelaria,2017,09,4.17
papelaria,2017,10,4.05
papelaria,2017,11,4.23
papelaria,2017,12,4.19
papelaria,2018,01,4.2
papelaria,2018,02,3.97
papelaria,2018,03,3.6
papelaria,2018,04,3.84
papelaria,2018,05,4.41
papelaria,2018,06,4.33
papelaria,2018,07,4.45
papelaria,2018,08,4.48
pc_gamer,2017,05,2.5
pc_gamer,2017,06,5
pc_gamer,2017,07,4
pc_gamer,2018,03,1
pc_gamer,2018,08,3.75
pcs,2017,02,4
pcs,2017,03,5
pcs,2017,09,4.37
pcs,2017,10,4.2
pcs,2017,11,4.29
pcs,2017,12,4.67
pcs,2018,01,3.5
pcs,2018,02,1
pcs,2018,03,1
pcs,2018,04,4
pcs,2018,05,4.58
pcs,2018,06,5
pcs,2018,07,3.56
pcs,2018,08,3.87
perfumaria,2016,10,4.25
perfumaria,2016,11,4.18
perfumaria,2016,12,3
perfumaria,2017,01,5
perfumaria,2017,02,4.67
perfumaria,2017,03,4.03
perfumaria,2017,04,4.41
perfumaria,2017,05,4.01
perfumaria,2017,06,4.06
perfumaria,2017,07,4.26
perfumaria,2017,08,4.19
perfumaria,2017,09,4.08
perfumaria,2017,10,4.25
perfumaria,2017,11,4.25
perfumaria,2017,12,4.05
perfumaria,2018,01,3.94
perfumaria,2018,02,4.2
perfumaria,2018,03,3.76
perfumaria,2018,04,4.06
perfumaria,2018,05,4.36
perfumaria,2018,06,4.25
perfumaria,2018,07,4.55
perfumaria,2018,08,4.3
pet_shop,2016,10,4
pet_shop,2016,11,5
pet_shop,2017,01,4.86
pet_shop,2017,02,4.23
pet_shop,2017,03,4.49
pet_shop,2017,04,4.03
pet_shop,2017,05,4.28
pet_shop,2017,06,4.34
pet_shop,2017,07,3.76
pet_shop,2017,08,4.23
pet_shop,2017,09,4.22
pet_shop,2017,10,4.02
pet_shop,2017,11,4.22
pet_shop,2017,12,4.23
pet_shop,2018,01,4.03
pet_shop,2018,02,4.17
pet_shop,2018,03,3.93
pet_shop,2018,04,3.87
pet_shop,2018,05,4.13
pet_shop,2018,06,4.33
pet_shop,2018,07,4.32
pet_shop,2018,08,4.41
portateis_casa_forno_e_cafe,2017,07,5
portateis_casa_forno_e_cafe,2017,08,3
portateis_casa_forno_e_cafe,2017,09,1
portateis_casa_forno_e_cafe,2017,10,1
portateis_casa_forno_e_cafe,2018,01,5
portateis_casa_forno_e_cafe,2018,02,5
portateis_casa_forno_e_cafe,2018,03,3.83
portateis_casa_forno_e_cafe,2018,04,4.31
portateis_casa_forno_e_cafe,2018,05,4.27
portateis_casa_forno_e_cafe,2018,06,4.29
portateis_casa_forno_e_cafe,2018,07,4.89
portateis_casa_forno_e_cafe,2018,08,4.43
portateis_cozinha_e_preparadores_de_alimentos,2018,05,5
portateis_cozinha_e_preparadores_de_alimentos,2018,07,3
portateis_cozinha_e_preparadores_de_alimentos,2018,08,3
relogios_presentes,2016,10,4.75
relogios_presentes,2016,12,1
relogios_presentes,2017,01,4.17
relogios_presentes,2017,02,4.52
relogios_presentes,2017,03,4.3
relogios_presentes,2017,04,3.99
relogios_presentes,2017,05,4.05
relogios_presentes,2017,06,4.15
relogios_presentes,2017,07,4.05
relogios_presentes,2017,08,4.23
relogios_presentes,2017,09,4.28
relogios_presentes,2017,10,4.27
relogios_presentes,2017,11,4
relogios_presentes,2017,12,3.96
relogios_presentes,2018,01,3.92
relogios_presentes,2018,02,3.85
relogios_presentes,2018,03,3.62
relogios_presentes,2018,04,3.86
relogios_presentes,2018,05,4.18
relogios_presentes,2018,06,3.98
relogios_presentes,2018,07,4.03
relogios_presentes,2018,08,4.06
seguros_e_servicos,2017,02,4
seguros_e_servicos,2017,09,1
sinalizacao_e_seguranca,2017,04,3.33
sinalizacao_e_seguranca,2017,05,5
sinalizacao_e_seguranca,2017,06,4.5
sinalizacao_e_seguranca,2017,07,4.2
sinalizacao_e_seguranca,2017,08,4.4
sinalizacao_e_seguranca,2017,09,4.86
sinalizacao_e_seguranca,2017,10,4.3
sinalizacao_e_seguranca,2017,11,1.8
sinalizacao_e_seguranca,2017,12,3
sinalizacao_e_seguranca,2018,01,4.67
sinalizacao_e_seguranca,2018,02,4
sinalizacao_e_seguranca,2018,03,3.31
sinalizacao_e_seguranca,2018,04,4.08
sinalizacao_e_seguranca,2018,05,4.05
sinalizacao_e_seguranca,2018,06,3.82
sinalizacao_e_seguranca,2018,07,4.38
sinalizacao_e_seguranca,2018,08,4.39
tablets_impressao_imagem,2017,02,4.5
tablets_impressao_imagem,2017,03,3.83
tablets_impressao_imagem,2017,04,3.29
tablets_impressao_imagem,2017,05,4.45
tablets_impressao_imagem,2017,06,5
tablets_impressao_imagem,2017,07,3.5
tablets_impressao_imagem,2017,08,5
tablets_impressao_imagem,2017,09,3.5
tablets_impressao_imagem,2017,10,4.5
tablets_impressao_imagem,2017,11,5
tablets_impressao_imagem,2017,12,4.27
tablets_impressao_imagem,2018,01,4.5
tablets_impressao_imagem,2018,02,3.67
tablets_impressao_imagem,2018,03,3.82
tablets_impressao_imagem,2018,05,5
tablets_impressao_imagem,2018,07,4
telefonia,2016,10,3.5
telefonia,2016,12,3.67
telefonia,2017,01,3.8
telefonia,2017,02,4.44
telefonia,2017,03,3.91
telefonia,2017,04,3.91
telefonia,2017,05,4.01
telefonia,2017,06,3.94
telefonia,2017,07,4.02
telefonia,2017,08,4.18
telefonia,2017,09,4.3
telefonia,2017,10,4.28
telefonia,2017,11,3.86
telefonia,2017,12,3.73
telefonia,2018,01,3.95
telefonia,2018,02,4.06
telefonia,2018,03,3.64
telefonia,2018,04,3.57
telefonia,2018,05,3.98
telefonia,2018,06,4.26
telefonia,2018,07,4.08
telefonia,2018,08,3.95
telefonia_fixa,2016,10,4
telefonia_fixa,2016,11,4
telefonia_fixa,2017,01,4.15
telefonia_fixa,2017,02,4.33
telefonia_fixa,2017,03,3.89
telefonia_fixa,2017,04,2.44
telefonia_fixa,2017,05,3.33
telefonia_fixa,2017,06,4.27
telefonia_fixa,2017,07,3.67
telefonia_fixa,2017,08,4.53
telefonia_fixa,2017,09,4.38
telefonia_fixa,2017,10,2.09
telefonia_fixa,2017,11,3.5
telefonia_fixa,2017,12,4
telefonia_fixa,2018,01,4.75
telefonia_fixa,2018,02,3.2
telefonia_fixa,2018,03,2.67
telefonia_fixa,2018,04,3.47
telefonia_fixa,2018,05,2.81
telefonia_fixa,2018,06,4.25
telefonia_fixa,2018,07,3.33
telefonia_fixa,2018,08,4.29
utilidades_domesticas,2016,10,3
utilidades_domesticas,2016,11,3.2
utilidades_domesticas,2017,01,4.57
utilidades_domesticas,2017,02,4.23
utilidades_domesticas,2017,03,4.01
utilidades_domesticas,2017,04,3.89
utilidades_domesticas,2017,05,4.19
utilidades_domesticas,2017,06,4.11
utilidades_domesticas,2017,07,4.11
utilidades_domesticas,2017,08,4.22
utilidades_domesticas,2017,09,4.27
utilidades_domesticas,2017,10,4.12
utilidades_domesticas,2017,11,4.04
utilidades_domesticas,2017,12,3.92
utilidades_domesticas,2018,01,3.9
utilidades_domesticas,2018,02,3.88
utilidades_domesticas,2018,03,3.85
utilidades_domesticas,2018,04,3.94
utilidades_domesticas,2018,05,4.1
utilidades_domesticas,2018,06,3.95
utilidades_domesticas,2018,07,4.19
utilidades_domesticas,2018,08,4.2
